rsid	chrom	pos_hg38	pos_hg19	ref_hg38	alt_hg38	ref_hg19	alt_hg19	gene	strand_ambiguous	panel_pos_hg38	panel_rsid	status	notes
rs2272756	1	946653	882033	G	A,C	G	A,C	NOC2L	FALSE	946654	rs2272756	resolved	multiallelic
rs7538231	1	17875687	18202181	G	A,T	G	A,T	ACTL8,LINC01654	FALSE	17875688	rs7538231	resolved	multiallelic
rs4463718	1	55440394	55906067	T	A,G	T	A,G	LINC01755	FALSE	55440395	rs4463718	resolved	multiallelic
rs75499699	1	81355115	81820800	C	T	C	T	ADGRL2	FALSE	81355116	rs75499699	resolved	
rs535930	1	110181866	110724488	G	A,T	G	A,T	SLC6A17	FALSE	110181867	rs535930	resolved	multiallelic
rs183827287	1	114078318	114620940	C	T	C	T	OLFML3,SYT6	FALSE	114078319	rs183827287	resolved	
rs17025239	1	215724880	215898222	G	A	G	A	USH2A	FALSE	215724881	rs17025239	resolved	
rs6429197	1	235611717	235775017	G	C	G	C	GNG4	TRUE	235611718	rs6429197	resolved	
rs10737883	1	242645039	242808341	T	A,C,G	T	A,C,G	RSL24D1P4,PLD5	FALSE	242645040	rs10737883	resolved	multiallelic
rs74535542	2	365786	365786	A	G	A	G	LINC01865	FALSE	365787	rs74535542	resolved	
rs6743428	2	15692975	15833099	G	A	G	A	LINC01804	FALSE	15692976	rs6743428	resolved	
rs61741441	2	110968164	111725741	A	G	A	G	RPL5P9,ACOXL	FALSE	110968165	rs61741441	resolved	
rs35805265	2	118874405	119631981	C	T	C	T	MARCO,EN1	FALSE	118874406	rs35805265	resolved	
rs676091	3	124624409	124343256	T	G	T	G	KALRN	FALSE	124624410	rs676091	resolved	
rs6792049	3	156635372	156353161	T	A,C,G	T	A,C,G	TIPARP-AS1	FALSE	156635373	rs6792049	resolved	multiallelic
rs9819158	3	167762873	167480661	G	A,C	G	A,C	SERPINI1	FALSE	167762874	rs9819158	resolved	multiallelic
rs4355331	4	6021527	6023254	C	G	C	G	C4orf50	TRUE	6021528	rs4355331	resolved	
rs16887871	4	12932209	12933833	C	T	C	T	U6,ECM1P2	FALSE	12932210	rs16887871	resolved	
rs6816819	4	64902991	65768709	T	G	T	G	LINC02232	FALSE	64902992	rs6816819	resolved	
rs835151	5	14877672	14877781	C	A,T	C	A,T	HNRNPKP5	FALSE	14877673	rs835151	resolved	multiallelic
rs1423300	5	33832328	33832433	G	A,C	G	A,C	ADAMTS12	FALSE	33832329	rs1423300	resolved	multiallelic
rs2591723	5	33832853	33832958	T	C	T	C	ADAMTS12	FALSE	33832854	rs2591723	resolved	
rs2591719	5	33835538	33835643	G	A,C,T	G	A,C,T	ADAMTS12	FALSE	33835539	rs2591719	resolved	multiallelic
rs1335589229	5	33835944	33836049	TCTCTCTCTCTGTGTGTGTGTGT	T	TCTCTCTCTCTGTGTGTGTGTGT	T	ADAMTS12	FALSE	33835945	rs1335589229	resolved	
rs146410588	5	33835954	33836059	TGTGTGTGTGTGTGTGT	TGT,TGTGT,TGTGTGT,TGTGTGTGT,TGTGTGTGTGT,TGTGTGTGTGTGT,TGTGTGTGTGTGTGT,TGTGTGTGTGTGTGTGTGT,TGTGTGTGTGTGTGTGTGTGT	TGTGTGTGTGTGTGTGT	TGT,TGTGT,TGTGTGT,TGTGTGTGT,TGTGTGTGTGT,TGTGTGTGTGTGT,TGTGTGTGTGTGTGT,TGTGTGTGTGTGTGTGTGT,TGTGTGTGTGTGTGTGTGTGT	ADAMTS12	FALSE	33835955	rs370724688	resolved_merged	panel rsID rs370724688 merged into rs146410588; multiallelic
rs145326083	5	33839928	33840033	G	A,C	G	A,C	ADAMTS12	FALSE	33839929	rs145326083	resolved	multiallelic
rs116074720	5	33844457	33844562	C	A	C	A	ADAMTS12	FALSE	33844458	rs116074720	resolved	
rs2591736	5	33848028	33848133	C	A,G	C	A,G	ADAMTS12	FALSE	33848029	rs2591736	resolved	multiallelic
rs528795462	5	33849438	33849543	ATATATATAT	ATATATAT,ATATATATATAT,ATATATATATATAT	ATATATATAT	ATATATAT,ATATATATATAT,ATATATATATATAT	ADAMTS12	FALSE	33849439	rs752243327	resolved_merged	panel rsID rs752243327 merged into rs528795462; multiallelic
rs201918952	5	33849592	33849697	ATATGTATTGCATAGCAATATATATGTATTGCATAGCAATATATATGTATTGCATAGCAATATATA	ATATGTATTGCATAGCAATATATA,ATATGTATTGCATAGCAATATATATGTATTGCATAGCAATATATA,ATATGTATTGCATAGCAATATATATGTATTGCATAGCAATATATATGTATTGCATAGCAATATATATGTATTGCATAGCAATATATA,ATATGTATTGCATAGCAATATATATGTATTGCATAGCAATATATATGTATTGCATAGCAATATATATGTATTGCATAGCAATATATATGTATTGCATAGCAATATATA,ATATGTATTGCATAGCAATATATATGTATTGCATAGCAATATATATGTATTGCATAGCAATATATATGTATTGCATAGCAATATATATGTATTGCATAGCAATATATATGTATTGCATAGCAATATATA	ATATGTATTGCATAGCAATATATATGTATTGCATAGCAATATATATGTATTGCATAGCAATATATA	ATATGTATTGCATAGCAATATATA,ATATGTATTGCATAGCAATATATATGTATTGCATAGCAATATATA,ATATGTATTGCATAGCAATATATATGTATTGCATAGCAATATATATGTATTGCATAGCAATATATATGTATTGCATAGCAATATATA,ATATGTATTGCATAGCAATATATATGTATTGCATAGCAATATATATGTATTGCATAGCAATATATATGTATTGCATAGCAATATATATGTATTGCATAGCAATATATA,ATATGTATTGCATAGCAATATATATGTATTGCATAGCAATATATATGTATTGCATAGCAATATATATGTATTGCATAGCAATATATATGTATTGCATAGCAATATATATGTATTGCATAGCAATATATA	ADAMTS12	FALSE	33849593	rs201918952	resolved	multiallelic
rs2961906	5	33858671	33858776	G	A,C,T	G	A,C,T	ADAMTS12	FALSE	33858672	rs2961906	resolved	multiallelic
rs114803348	5	33859299	33859404	C	A	C	A	ADAMTS12	FALSE	33859300	rs114803348	resolved	
rs11442532	5	33881565	33881670	TTTTTTTTTTTTT	TTTTTTTTTTT,TTTTTTTTTTTT,TTTTTTTTTTTTTT,TTTTTTTTTTTTTTT,TTTTTTTTTTTTTTTT	TTTTTTTTTTTTT	TTTTTTTTTTT,TTTTTTTTTTTT,TTTTTTTTTTTTTT,TTTTTTTTTTTTTTT,TTTTTTTTTTTTTTTT	ADAMTS12	FALSE	33881566	rs11442532	resolved	multiallelic
rs78211086	5	33881892	33881997	A	C,G	A	C,G	ADAMTS12	FALSE	33881893	rs78211086	resolved	multiallelic
rs79064946	5	33883328	33883433	TTTTTTTTTTTTTT	TT,TTTTTTT,TTTTTTTTT,TTTTTTTTTT,TTTTTTTTTTT,TTTTTTTTTTTT,TTTTTTTTTTTTT,TTTTTTTTTTTTTTT,TTTTTTTTTTTTTTTT,TTTTTTTTTTTTTTTTT,TTTTTTTTTTTTTTTTTT,TTTTTTTTTTTTTTTTTTT,TTTTTTTTTTTTTTTTTTTT,TTTTTTTTTTTTTTTTTTTTT,TTTTTTTTTTTTTTTTTTTTTT,TTTTTTTTTTTTTTTTTTTTTTT,TTTTTTTTTTTTTTTTTTTTTTTT,TTTTTTTTTTTTTTTTTTTTTTTTT,TTTTTTTTTTTTTTTTTTTTTTTTTT,TTTTTTTTTTTTTTTTTTTTTTTTTTT,TTTTTTTTTTTTTTTTTTTTTTTTTTTT,TTTTTTTTTTTTTTTTTTTTTTTTTTTTT,TTTTTTTTTTTTTTTTTTTTTTTTTTTTTT,TTTTTTTTTTTTTTTTTTTTTTTTTTTTTTT,TTTTTTTTTTTTTTTTTTTTTTTTTTTTTTTT,TTTTTTTTTTTTTTTTTTTTTTTTTTTTTTTTTT,TTTTTTTTTTTTTTTTTTTTTTTTTTTTTTTTTTT,TTTTTTTTTTTTTTTTTTTTTTTTTTTTTTTTTTTT,TTTTTTTTTTTTTTTTTTTTTTTTTTTTTTTTTTTTTT,TTTTTTTTTTTTTTTTTTTTTTTTTTTTTTTTTTTTTTT,TTTTTTTTTTTTTTTTTTTTTTTTTTTTTTTTTTTTTTTT,TTTTTTTTTTTTTTTTTTTTTTTTTTTTTTTTTTTTTTTTT,TTTTTTTTTTTTTTTTTTTTTTTTTTTTTTTTTTTTTTTTTTTT,TTTTTTTTTTTTTTTTTTTTTTTTTTTTTTTTTTTTTTTTTTTTTATCTTTTTTTTTTTTTTTTTTTTTTTTTTTTTTT,TTTTTTTTTTTTTTTTTTTTTTTTTTTTTTTTTTTTTTTTTTTTTT,TTTTTTTTTTTTTTTTTTTTTTTTTTTTTTTTTTTTTTTTTTTTTTT,TTTTTTTTTTTTTTTTTTTTTTTTTTTTTTTTTTTTTTTTTTTTTTTT	TTTTTTTTTTTTTT	TT,TTTTTTT,TTTTTTTTT,TTTTTTTTTT,TTTTTTTTTTT,TTTTTTTTTTTT,TTTTTTTTTTTTT,TTTTTTTTTTTTTTT,TTTTTTTTTTTTTTTT,TTTTTTTTTTTTTTTTT,TTTTTTTTTTTTTTTTTT,TTTTTTTTTTTTTTTTTTT,TTTTTTTTTTTTTTTTTTTT,TTTTTTTTTTTTTTTTTTTTT,TTTTTTTTTTTTTTTTTTTTTT,TTTTTTTTTTTTTTTTTTTTTTT,TTTTTTTTTTTTTTTTTTTTTTTT,TTTTTTTTTTTTTTTTTTTTTTTTT,TTTTTTTTTTTTTTTTTTTTTTTTTT,TTTTTTTTTTTTTTTTTTTTTTTTTTT,TTTTTTTTTTTTTTTTTTTTTTTTTTTT,TTTTTTTTTTTTTTTTTTTTTTTTTTTTT,TTTTTTTTTTTTTTTTTTTTTTTTTTTTTT,TTTTTTTTTTTTTTTTTTTTTTTTTTTTTTT,TTTTTTTTTTTTTTTTTTTTTTTTTTTTTTTT,TTTTTTTTTTTTTTTTTTTTTTTTTTTTTTTTTT,TTTTTTTTTTTTTTTTTTTTTTTTTTTTTTTTTTT,TTTTTTTTTTTTTTTTTTTTTTTTTTTTTTTTTTTT,TTTTTTTTTTTTTTTTTTTTTTTTTTTTTTTTTTTTTT,TTTTTTTTTTTTTTTTTTTTTTTTTTTTTTTTTTTTTTT,TTTTTTTTTTTTTTTTTTTTTTTTTTTTTTTTTTTTTTTT,TTTTTTTTTTTTTTTTTTTTTTTTTTTTTTTTTTTTTTTTT,TTTTTTTTTTTTTTTTTTTTTTTTTTTTTTTTTTTTTTTTTTTT,TTTTTTTTTTTTTTTTTTTTTTTTTTTTTTTTTTTTTTTTTTTTTATCTTTTTTTTTTTTTTTTTTTTTTTTTTTTTTT,TTTTTTTTTTTTTTTTTTTTTTTTTTTTTTTTTTTTTTTTTTTTTT,TTTTTTTTTTTTTTTTTTTTTTTTTTTTTTTTTTTTTTTTTTTTTTT,TTTTTTTTTTTTTTTTTTTTTTTTTTTTTTTTTTTTTTTTTTTTTTTT	ADAMTS12	FALSE	33883329	rs367554063	resolved_merged	panel rsID rs367554063 merged into rs79064946; multiallelic
rs11742467	5	33899585	33899690	G	A	G	A	RXFP3,ADAMTS12	FALSE	33899586	rs11742467	resolved	
rs2331343	5	33921589	33921694	T	C,G	T	C,G	ADAMTS12,RXFP3	FALSE	33921590	rs2331343	resolved	multiallelic
rs13177787	5	33926949	33927054	T	A,C	T	A,C	RXFP3,ADAMTS12	FALSE	33926950	rs13177787	resolved	multiallelic
rs7713279	5	33928797	33928902	T	A,G	T	A,G	RXFP3,ADAMTS12	FALSE	33928798	rs7713279	resolved	multiallelic
rs34153565	5	33932226	33932331	C	T	C	T	ADAMTS12,RXFP3	FALSE	33932227	rs34153565	resolved	
rs34280294	5	33932510	33932615	G	T	G	T	RXFP3,ADAMTS12	FALSE	33932511	rs34280294	resolved	
rs10054129	5	33933670	33933775	A	G	A	G	RXFP3,ADAMTS12	FALSE	33933671	rs10054129	resolved	
rs16891958	5	33933857	33933962	C	T	C	T	RXFP3,ADAMTS12	FALSE	33933858	rs16891958	resolved	
rs70964426	5	33935021	33935126	TTTCTTTCTTTCTTTCTTTCTTTCTTTCTTTCTTTCTTTCTTTCTTT	TTTCTTTCTTTCTTTCTTT,TTTCTTTCTTTCTTTCTTTCTTT,TTTCTTTCTTTCTTTCTTTCTTTCTTT,TTTCTTTCTTTCTTTCTTTCTTTCTTTCTTT,TTTCTTTCTTTCTTTCTTTCTTTCTTTCTTTCTTT,TTTCTTTCTTTCTTTCTTTCTTTCTTTCTTTCTTTCTTT,TTTCTTTCTTTCTTTCTTTCTTTCTTTCTTTCTTTCTTTCTTT,TTTCTTTCTTTCTTTCTTTCTTTCTTTCTTTCTTTCTTTCTTTCTTTCTTT,TTTCTTTCTTTCTTTCTTTCTTTCTTTCTTTCTTTCTTTCTTTCTTTCTTTCTTT,TTTCTTTCTTTCTTTCTTTCTTTCTTTCTTTCTTTCTTTCTTTCTTTCTTTCTTTCTTT,TTTCTTTCTTTCTTTCTTTCTTTCTTTCTTTCTTTCTTTCTTTCTTTCTTTCTTTCTTTCTTT,TTTCTTTCTTTCTTTCTTTCTTTCTTTCTTTCTTTCTTTCTTTCTTTCTTTCTTTCTTTCTTTCTTT,TTTCTTTCTTTCTTTCTTTCTTTCTTTCTTTCTTTCTTTCTTTCTTTCTTTCTTTCTTTCTTTCTTTCTTT,TTTCTTTCTTTCTTTCTTTCTTTCTTTCTTTCTTTCTTTCTTTCTTTCTTTCTTTCTTTCTTTCTTTCTTTCTTT,TTTCTTTCTTTCTTTCTTTCTTTCTTTCTTTCTTTCTTTCTTTCTTTCTTTCTTTCTTTCTTTCTTTCTTTCTTTCTTT,TTTCTTTCTTTCTTTCTTTCTTTCTTTCTTTCTTTCTTTCTTTCTTTCTTTCTTTCTTTCTTTCTTTCTTTCTTTCTTTCTTT,TTTCTTTCTTTCTTTCTTTCTTTCTTTCTTTCTTTCTTTCTTTCTTTCTTTCTTTCTTTCTTTCTTTCTTTCTTTCTTTCTTTCTTT	TTTCTTTCTTTCTTTCTTTCTTTCTTTCTTTCTTTCTTTCTTTCTTT	TTTCTTTCTTTCTTTCTTT,TTTCTTTCTTTCTTTCTTTCTTT,TTTCTTTCTTTCTTTCTTTCTTTCTTT,TTTCTTTCTTTCTTTCTTTCTTTCTTTCTTT,TTTCTTTCTTTCTTTCTTTCTTTCTTTCTTTCTTT,TTTCTTTCTTTCTTTCTTTCTTTCTTTCTTTCTTTCTTT,TTTCTTTCTTTCTTTCTTTCTTTCTTTCTTTCTTTCTTTCTTT,TTTCTTTCTTTCTTTCTTTCTTTCTTTCTTTCTTTCTTTCTTTCTTTCTTT,TTTCTTTCTTTCTTTCTTTCTTTCTTTCTTTCTTTCTTTCTTTCTTTCTTTCTTT,TTTCTTTCTTTCTTTCTTTCTTTCTTTCTTTCTTTCTTTCTTTCTTTCTTTCTTTCTTT,TTTCTTTCTTTCTTTCTTTCTTTCTTTCTTTCTTTCTTTCTTTCTTTCTTTCTTTCTTTCTTT,TTTCTTTCTTTCTTTCTTTCTTTCTTTCTTTCTTTCTTTCTTTCTTTCTTTCTTTCTTTCTTTCTTT,TTTCTTTCTTTCTTTCTTTCTTTCTTTCTTTCTTTCTTTCTTTCTTTCTTTCTTTCTTTCTTTCTTTCTTT,TTTCTTTCTTTCTTTCTTTCTTTCTTTCTTTCTTTCTTTCTTTCTTTCTTTCTTTCTTTCTTTCTTTCTTTCTTT,TTTCTTTCTTTCTTTCTTTCTTTCTTTCTTTCTTTCTTTCTTTCTTTCTTTCTTTCTTTCTTTCTTTCTTTCTTTCTTT,TTTCTTTCTTTCTTTCTTTCTTTCTTTCTTTCTTTCTTTCTTTCTTTCTTTCTTTCTTTCTTTCTTTCTTTCTTTCTTTCTTT,TTTCTTTCTTTCTTTCTTTCTTTCTTTCTTTCTTTCTTTCTTTCTTTCTTTCTTTCTTTCTTTCTTTCTTTCTTTCTTTCTTTCTTT	ADAMTS12,RXFP3	FALSE	33935022	rs200118663	resolved_merged	panel rsID rs200118663 merged into rs70964426; multiallelic
rs7702361	5	33935838	33935943	A	C,G,T	A	C,G,T	ADAMTS12,RXFP3	FALSE	33935839	rs7702361	resolved	multiallelic
rs79014396	5	33936616	33936721	C	A,G,T	C	A,G,T	RXFP3	FALSE	33936617	rs79014396	resolved	multiallelic
rs9292519	5	33938342	33938447	G	A,T	G	A,T	RXFP3	FALSE	33938343	rs9292519	resolved	multiallelic
rs10461708	5	33940314	33940419	G	A,C	G	A,C	RXFP3,SLC45A2	FALSE	33940315	rs10461708	resolved	multiallelic
rs35400	5	33940648	33940753	G	A	G	A	SLC45A2,RXFP3	FALSE	33940649	rs35400	resolved	
rs57525174	5	33940712	33940817	G	A	G	A	RXFP3,SLC45A2	FALSE	33940713	rs57525174	resolved	
rs35404	5	33944407	33944512	A	G	A	G	SLC45A2,RXFP3	FALSE	33944408	rs35404	resolved	
rs1214023646	5	33944490	33944595	-	G,GAG,GG,GGGGGCG	-	G,GAG,GG,GGGGGCG	RXFP3,SLC45A2	FALSE	33944491	rs1214023646	resolved	co-located panel candidate(s): rs1491276502; multiallelic
rs35406	5	33946038	33946143	A	C,G,T	A	C,G,T	SLC45A2	FALSE	33946039	rs35406	resolved	multiallelic
rs7380538	5	33946450	33946555	A	G	A	G	SLC45A2	FALSE	33946451	rs7380538	resolved	
rs35407	5	33946466	33946571	A	C,G	A	C,G	SLC45A2	FALSE	33946467	rs35407	resolved	multiallelic
rs35395	5	33948484	33948589	T	C	T	C	SLC45A2	FALSE	33948485	rs35395	resolved	
rs10080040	5	33950346	33950451	T	A	T	A	SLC45A2	TRUE	33950347	rs10080040	resolved	
rs35397	5	33951011	33951116	G	C,T	G	C,T	SLC45A2	FALSE	33951012	rs35397	resolved	multiallelic
rs2278007	5	33951446	33951551	A	C,G	A	C,G	SLC45A2	FALSE	33951447	rs2278007	resolved	multiallelic
rs16891982	5	33951588	33951693	C	A,G	C	A,G	SLC45A2	FALSE	33951589	rs16891982	resolved	multiallelic
rs111372186	5	33952363	33952468	TTTTTTTTTTTT	TTTTTTTTTT,TTTTTTTTTTT,TTTTTTTTTTTTT,TTTTTTTTTTTTTT	TTTTTTTTTTTT	TTTTTTTTTT,TTTTTTTTTTT,TTTTTTTTTTTTT,TTTTTTTTTTTTTT	SLC45A2	FALSE	33952364	rs111372186	resolved	multiallelic
rs560973795	5	33954283	33954388	AGCCCA	-	AGCCCA	-	SLC45A2	FALSE	33954284	rs560973795	resolved	
rs6451047	5	33956911	33957016	T	A,C,G	T	A,C,G	SLC45A2	FALSE	33956912	rs6451047	resolved	multiallelic
rs28777	5	33958854	33958959	C	A,G	C	A,G	SLC45A2	FALSE	33958855	rs28777	resolved	multiallelic
rs10565330	5	33960279	33960384	ATATATATATATATATATAT	ATATATATATATAT,ATATATATATATATAT,ATATATATATATATATAT,ATATATATATATATATATATAT,ATATATATATATATATATATATAT,ATATATATATATATATATATATATAT,ATATATATATATATATATATATATATAT	ATATATATATATATATATAT	ATATATATATATAT,ATATATATATATATAT,ATATATATATATATATAT,ATATATATATATATATATATAT,ATATATATATATATATATATATAT,ATATATATATATATATATATATATAT,ATATATATATATATATATATATATATAT	SLC45A2	FALSE	33960280	rs10565330	resolved	multiallelic
rs73077127	5	33960343	33960448	G	C	G	C	SLC45A2	TRUE	33960344	rs73077127	resolved	
rs28117	5	33962665	33962770	G	A	G	A	SLC45A2	FALSE	33962666	rs28117	resolved	
rs367752652	5	33966428	33966533	TTTTTTTTTTTTTTTTTTTTTTTT	TTTTTTTTT,TTTTTTTTTT,TTTTTTTTTTT,TTTTTTTTTTTT,TTTTTTTTTTTTT,TTTTTTTTTTTTTT,TTTTTTTTTTTTTTT,TTTTTTTTTTTTTTTT,TTTTTTTTTTTTTTTTT,TTTTTTTTTTTTTTTTTTT,TTTTTTTTTTTTTTTTTTTT,TTTTTTTTTTTTTTTTTTTTT,TTTTTTTTTTTTTTTTTTTTTT,TTTTTTTTTTTTTTTTTTTTTTT,TTTTTTTTTTTTTTTTTTTTTTTTT,TTTTTTTTTTTTTTTTTTTTTTTTTT,TTTTTTTTTTTTTTTTTTTTTTTTTTT,TTTTTTTTTTTTTTTTTTTTTTTTTTTT,TTTTTTTTTTTTTTTTTTTTTTTTTTTTT,TTTTTTTTTTTTTTTTTTTTTTTTTTTTTT,TTTTTTTTTTTTTTTTTTTTTTTTTTTTTTT,TTTTTTTTTTTTTTTTTTTTTTTTTTTTTTTT,TTTTTTTTTTTTTTTTTTTTTTTTTTTTTTTTT,TTTTTTTTTTTTTTTTTTTTTTTTTTTTTTTTTT,TTTTTTTTTTTTTTTTTTTTTTTTTTTTTTTTTTTTTT,TTTTTTTTTTTTTTTTTTTTTTTTTTTTTTTTTTTTTTTTTTTTTTTTTT	TTTTTTTTTTTTTTTTTTTTTTTT	TTTTTTTTT,TTTTTTTTTT,TTTTTTTTTTT,TTTTTTTTTTTT,TTTTTTTTTTTTT,TTTTTTTTTTTTTT,TTTTTTTTTTTTTTT,TTTTTTTTTTTTTTTT,TTTTTTTTTTTTTTTTT,TTTTTTTTTTTTTTTTTTT,TTTTTTTTTTTTTTTTTTTT,TTTTTTTTTTTTTTTTTTTTT,TTTTTTTTTTTTTTTTTTTTTT,TTTTTTTTTTTTTTTTTTTTTTT,TTTTTTTTTTTTTTTTTTTTTTTTT,TTTTTTTTTTTTTTTTTTTTTTTTTT,TTTTTTTTTTTTTTTTTTTTTTTTTTT,TTTTTTTTTTTTTTTTTTTTTTTTTTTT,TTTTTTTTTTTTTTTTTTTTTTTTTTTTT,TTTTTTTTTTTTTTTTTTTTTTTTTTTTTT,TTTTTTTTTTTTTTTTTTTTTTTTTTTTTTT,TTTTTTTTTTTTTTTTTTTTTTTTTTTTTTTT,TTTTTTTTTTTTTTTTTTTTTTTTTTTTTTTTT,TTTTTTTTTTTTTTTTTTTTTTTTTTTTTTTTTT,TTTTTTTTTTTTTTTTTTTTTTTTTTTTTTTTTTTTTT,TTTTTTTTTTTTTTTTTTTTTTTTTTTTTTTTTTTTTTTTTTTTTTTTTT	SLC45A2	FALSE	33966429	rs1184030188	resolved_merged	panel rsID rs1184030188 merged into rs367752652; multiallelic
rs35412	5	33967040	33967145	C	G,T	C	G,T	SLC45A2	FALSE	33967041	rs35412	resolved	multiallelic
rs6451050	5	33968217	33968322	T	A,C,G	T	A,C,G	SLC45A2	FALSE	33968218	rs6451050	resolved	multiallelic
rs2067350	5	33968648	33968753	AA	AAA	AA	AAA	SLC45A2	FALSE	33968649	rs2067350	resolved	
rs35414	5	33969523	33969628	T	C	T	C	SLC45A2	FALSE	33969524	rs35414	resolved	
rs3776546	5	33975982	33976087	T	A,C	T	A,C	SLC45A2	FALSE	33975983	rs3776546	resolved	multiallelic
rs35960920	5	33980160	33980265	AA	-	AA	-	SLC45A2	FALSE	33980161	rs35960920	resolved	
rs7721230	5	33992424	33992529	A	G,T	A	G,T	C1QTNF3-AMACR,AMACR	FALSE	33992425	rs7721230	resolved	multiallelic
rs36089417	5	33994939	33995044	T	C	T	C	AMACR,C1QTNF3-AMACR	FALSE	33994940	rs36089417	resolved	
rs11429237	5	34000505	34000610	TTTTTTTTTTT	TTTTTTTTT,TTTTTTTTTT,TTTTTTTTTTTT,TTTTTTTTTTTTT,TTTTTTTTTTTTTT,TTTTTTTTTTTTTTTTT	TTTTTTTTTTT	TTTTTTTTT,TTTTTTTTTT,TTTTTTTTTTTT,TTTTTTTTTTTTT,TTTTTTTTTTTTTT,TTTTTTTTTTTTTTTTT	AMACR,C1QTNF3-AMACR	FALSE	34000506	rs397977468	resolved_merged	panel rsID rs397977468 merged into rs11429237; multiallelic
rs149359	5	34035135	34035240	T	C	T	C	C1QTNF3-AMACR,C1QTNF3	FALSE	34035136	rs149359	resolved	
rs35399673	5	105193606	104529307	T	A,C	T	A,C	RNA5SP189,RAB9BP1	FALSE	105193607	rs35399673	resolved	multiallelic
rs17110447	5	149813283	149192846	A	G	A	G	PPARGC1B	FALSE	149813284	rs17110447	resolved	
rs76586863	5	160448978	159875985	C	G,T	C	G,T	MIR3142HG	FALSE	160448979	rs76586863	resolved	multiallelic
rs12203592	6	396321	396321	C	G,T	C	G,T	IRF4	FALSE	396322	rs12203592	resolved	multiallelic
rs9350204	6	19996577	19996808	A	C	A	C	RPL29P17,ID4	FALSE	19996578	rs9350204	resolved	
rs2524069	6	31277012	31244789	A	T	A	T	USP8P1	TRUE	31277013	rs2524069	resolved	
rs17208853	6	32408583	32376360	T	C	T	C	TSBP1-AS1,HLA-DRA	FALSE	32408584	rs17208853	resolved	
rs112628998	6	32558998	32526775	G	A	G	A	HLA-DRB6	FALSE	32558999	rs112628998	resolved	
rs78515650	6	33832563	33800340	T	A,C,G	T	A,C,G	MLN,LINC01016	FALSE	33832564	rs78515650	resolved	multiallelic
rs13198547	6	167304908	167718396	G	A,C,T	G	A,C,T	UNC93A	FALSE	167304909	rs13198547	resolved	multiallelic
rs9460028	6	170064062	170379286	G	A	G	A	RPL12P23,LINC00574	FALSE	170064063	rs9460028	resolved	
rs73311026	7	4461165	4500796	G	A,C	G	A,C	CYP3A54P,SDK1	FALSE	4461166	rs73311026	resolved	multiallelic
rs187096292	7	56655753	56723446	A	G	A	G	CICP28,TRIM60P16	FALSE	56655754	rs187096292	resolved	
rs6972456	7	150747295	150444383	T	A,G	T	A,G	GIMAP3P,GIMAP5	FALSE	150747296	rs6972456	resolved	multiallelic
rs4259415	8	23044055	22901568	A	C,G,T	A	C,G,T	TNFRSF10B	FALSE	23044056	rs4259415	resolved	multiallelic
rs4370538	8	69745595	70657830	A	G	A	G	SLCO5A1	FALSE	69745596	rs4370538	resolved	
rs895267	8	80993298	81905533	G	A,C	G	A,C	PAG1	FALSE	80993299	rs895267	resolved	multiallelic
rs13278114	8	102712670	103724898	A	C,G	A	C,G	ADI1P2,GASAL1	FALSE	102712671	rs13278114	resolved	multiallelic
rs374951721	8	104147253	105159481	A	G	A	G	RIMS2	FALSE	104147254	rs374951721	resolved	
rs2049865	8	115576319	116588546	C	A	C	A	TRPS1	FALSE	115576320	rs2049865	resolved	
rs4130120	8	127632710	128644955	T	C	T	C	CASC11,CASC8	FALSE	127632711	rs4130120	resolved	
rs2762461	9	12696499	12696499	G	A,T	G	A,T	LURAP1L-AS1,TYRP1	FALSE	12696500	rs2762461	resolved	multiallelic
rs4644350	9	16882918	16882916	C	G	C	G	RN7SL720P,BNC2	TRUE	16882919	rs4644350	resolved	
rs12350739	9	16885019	16885017	G	A,C,T	G	A,C,T	RN7SL720P,BNC2	FALSE	16885020	rs12350739	resolved	multiallelic
rs10122939	9	20300845	20300843	A	C,G	A	C,G	MLLT3,SLC24A2	FALSE	20300846	rs10122939	resolved	multiallelic
rs80343610	9	79269045	81883960	G	A	G	A	CHCHD2P9,KRT18P24	FALSE	79269046	rs80343610	resolved	
rs928618	9	95600210	98362492	T	G	T	G	PTCH1,ERCC6L2-AS1	FALSE	95600211	rs928618	resolved	
rs7913440	10	9598581	9640544	T	C,G	T	C,G	LINC00709,HSP90AB7P	FALSE	9598582	rs7913440	resolved	multiallelic
rs11198112	10	117804632	119564143	C	T	C	T	RAB11FIP2,LINC02674	FALSE	117804633	rs11198112	resolved	
rs35563099	10	117812892	119572403	C	T	C	T	RAB11FIP2,LINC02674	FALSE	117812893	rs35563099	resolved	
rs1001949	11	11159318	11180865	G	A,C,T	G	A,C,T	LINC02752	FALSE	11159319	rs1001949	resolved	multiallelic
rs7118677	11	88778356	88511524	G	T	G	T	GRM5	FALSE	88778357	rs7118677	resolved	
rs10831496	11	88824823	88557991	A	C,G,T	A	C,G,T	GRM5	FALSE	88824824	rs10831496	resolved	multiallelic
rs10160510	11	88881156	88614324	A	T	A	T	GRM5	TRUE	88881157	rs10160510	resolved	
rs2187128	11	89146747	88879915	T	A,C,G	T	A,C,G	GRM5,TYR	FALSE	89146748	rs2187128	resolved	multiallelic
rs1042602	11	89178528	88911696	C	A	C	A	TYR	FALSE	89178529	rs1042602	resolved	
rs7116973	11	89213898	88947066	T	A,G	T	A,G	TYR	FALSE	89213899	rs7116973	resolved	multiallelic
rs1126809	11	89284793	89017961	G	A	G	A	TYR	FALSE	89284794	rs1126809	resolved	
rs369896246	11	89322393	89055561	AAATAAATAAATAAATAAATAAATAAATAAATAAATAAATAAA	AAATAAATAAATAAATAAATAAA,AAATAAATAAATAAATAAATAAATAAA,AAATAAATAAATAAATAAATAAATAAATAAA,AAATAAATAAATAAATAAATAAATAAATAAATAAA,AAATAAATAAATAAATAAATAAATAAATAAATAAATAAA,AAATAAATAAATAAATAAATAAATAAATAAATAAATAAATAAATAAA,AAATAAATAAATAAATAAATAAATAAATAAATAAATAAATAAATAAATAAA,AAATAAATAAATAAATAAATAAATAAATAAATAAATAAATAAATAAATAAATAAA,AAATAAATAAATAAATAAATAAATAAATAAATAAATAAATAAATAAATAAATAAATAAA	AAATAAATAAATAAATAAATAAATAAATAAATAAATAAATAAA	AAATAAATAAATAAATAAATAAA,AAATAAATAAATAAATAAATAAATAAA,AAATAAATAAATAAATAAATAAATAAATAAA,AAATAAATAAATAAATAAATAAATAAATAAATAAA,AAATAAATAAATAAATAAATAAATAAATAAATAAATAAA,AAATAAATAAATAAATAAATAAATAAATAAATAAATAAATAAATAAA,AAATAAATAAATAAATAAATAAATAAATAAATAAATAAATAAATAAATAAA,AAATAAATAAATAAATAAATAAATAAATAAATAAATAAATAAATAAATAAATAAA,AAATAAATAAATAAATAAATAAATAAATAAATAAATAAATAAATAAATAAATAAATAAA	TYR,NOX4	FALSE	89322394	rs369896246	resolved	multiallelic
rs7127419	11	90315731	90048899	G	A	G	A	DISC1FP1	FALSE	90315732	rs7127419	resolved	
rs4842464	12	87476312	87870089	T	A,C	T	A,C	RPL23AP68,CYCSP30	FALSE	87476313	rs4842464	resolved	multiallelic
rs4842610	12	88417912	88811689	C	G,T	C	G,T	Y_RNA,TMTC3	FALSE	88417913	rs4842610	resolved	multiallelic
rs1379496	12	102579439	102973217	G	A,C,T	G	A,C,T	IGF1,LINC00485	FALSE	102579440	rs1379496	resolved	multiallelic
rs10848158	12	130607421	131091966	T	C,G	T	C,G	RIMBP2	FALSE	130607422	rs10848158	resolved	multiallelic
rs1290177	13	112881818	113536132	T	C	T	C	ATP11A	FALSE	112881819	rs1290177	resolved	
rs12147172	14	27883925	28353131	G	A	G	A	BNIP3P1,MIR3171HG	FALSE	27883926	rs12147172	resolved	
rs190989442	15	24101305	24346452	T	C,G	T	C,G	PWRN4,PWRN1	FALSE	24101306	rs190989442	resolved	multiallelic
rs3098576	15	27613262	27858408	C	T	C	T	GABRG3,OCA2	FALSE	27613263	rs3098576	resolved	
rs1800414	15	27951891	28197037	T	A,C	T	A,C	OCA2	FALSE	27951892	rs1800414	resolved	multiallelic
rs4778219	15	27968704	28213850	C	T	C	T	OCA2	FALSE	27968705	rs4778219	resolved	
rs121918166	15	27985101	28230247	C	T	C	T	OCA2	FALSE	27985102	rs121918166	resolved	
rs1800407	15	27985172	28230318	C	T	C	T	OCA2	FALSE	27985173	rs1800407	resolved	
rs1800404	15	27990627	28235773	C	A,T	C	A,T	OCA2	FALSE	27990628	rs1800404	resolved	multiallelic
rs17652091	15	28026565	28271711	C	A	C	A	OCA2	FALSE	28026566	rs17652091	resolved	
rs34369918	15	28032793	28277939	AAAAAAAAAAAAAAAAA	AAAAAAAAAAAA,AAAAAAAAAAAAA,AAAAAAAAAAAAAA,AAAAAAAAAAAAAAA,AAAAAAAAAAAAAAAA,AAAAAAAAAAAAAAAAAA,AAAAAAAAAAAAAAAAAAA,AAAAAAAAAAAAAAAAAAAA,AAAAAAAAAAAAAAAAAAAAA,AAAAAAAAAAAAAAAAAAAAAA,AAAAAAAAAAAAAAAAAAAAAAA,AAAAAAAAAAAAAAAAAAAAAAAA,AAAAAAAAAAAAAAAAAAAAAAAAAA,AAAAAAAAAAAAAAAAAAAAAAAAAAAAA,AAAAAAAAAAAAAAAAAAAAAAAAAAAAAAA,AAAAAAAAAAAAAAAAAAAAAAAAAAAAAAAAAAAAAAAAAA	AAAAAAAAAAAAAAAAA	AAAAAAAAAAAA,AAAAAAAAAAAAA,AAAAAAAAAAAAAA,AAAAAAAAAAAAAAA,AAAAAAAAAAAAAAAA,AAAAAAAAAAAAAAAAAA,AAAAAAAAAAAAAAAAAAA,AAAAAAAAAAAAAAAAAAAA,AAAAAAAAAAAAAAAAAAAAA,AAAAAAAAAAAAAAAAAAAAAA,AAAAAAAAAAAAAAAAAAAAAAA,AAAAAAAAAAAAAAAAAAAAAAAA,AAAAAAAAAAAAAAAAAAAAAAAAAA,AAAAAAAAAAAAAAAAAAAAAAAAAAAAA,AAAAAAAAAAAAAAAAAAAAAAAAAAAAAAA,AAAAAAAAAAAAAAAAAAAAAAAAAAAAAAAAAAAAAAAAAA	OCA2	FALSE	28032794	rs34369918	resolved	co-located panel candidate(s): rs755407864; multiallelic
rs1448484	15	28038295	28283441	A	G	A	G	OCA2	FALSE	28038296	rs1448484	resolved	
rs34022588	15	28041261	28286407	C	A,T	C	A,T	OCA2	FALSE	28041262	rs34022588	resolved	multiallelic
rs3071601	15	28041322	28286468	AAAAAAAAAAAAAA	AAAAAAAAAA,AAAAAAAAAAA,AAAAAAAAAAAA,AAAAAAAAAAAAA,AAAAAAAAAAAAAAA,AAAAAAAAAAAAAAAA	AAAAAAAAAAAAAA	AAAAAAAAAA,AAAAAAAAAAA,AAAAAAAAAAAA,AAAAAAAAAAAAA,AAAAAAAAAAAAAAA,AAAAAAAAAAAAAAAA	OCA2	FALSE	28041323	rs200426972	resolved_merged	panel rsID rs200426972 merged into rs3071601; co-located panel candidate(s): rs202126943; multiallelic
rs895829	15	28052911	28298057	T	A,C	T	A,C	OCA2	FALSE	28052912	rs895829	resolved	multiallelic
rs79743671	15	28074502	28319648	G	A,T	G	A,T	OCA2	FALSE	28074503	rs79743671	resolved	multiallelic
rs6497263	15	28075515	28320661	T	A	T	A	OCA2	TRUE	28075516	rs6497263	resolved	
rs62007489	15	28075818	28320964	C	G,T	C	G,T	OCA2	FALSE	28075819	rs62007489	resolved	multiallelic
rs58836608	15	28079300	28324446	TTTTTTTTTTTTT	TTTTTTTTTT,TTTTTTTTTTT,TTTTTTTTTTTT,TTTTTTTTTTTTTT,TTTTTTTTTTTTTTT,TTTTTTTTTTTTTTTT	TTTTTTTTTTTTT	TTTTTTTTTT,TTTTTTTTTTT,TTTTTTTTTTTT,TTTTTTTTTTTTTT,TTTTTTTTTTTTTTT,TTTTTTTTTTTTTTTT	OCA2	FALSE	28079301	rs58836608	resolved	multiallelic
rs72714109	15	28079662	28324808	T	C	T	C	OCA2	FALSE	28079663	rs72714109	resolved	
rs4778137	15	28082689	28327835	C	A,G	C	A,G	OCA2	FALSE	28082690	rs4778137	resolved	multiallelic
rs4074658	15	28082760	28327906	C	A,G,T	C	A,G,T	OCA2	FALSE	28082761	rs4074658	resolved	multiallelic
rs7174027	15	28083619	28328765	G	A,C,T	G	A,C,T	OCA2	FALSE	28083620	rs7174027	resolved	multiallelic
rs4778138	15	28090674	28335820	A	C,G,T	A	C,G,T	OCA2	FALSE	28090675	rs4778138	resolved	multiallelic
rs35795965	15	28091804	28336950	AAA	AA	AAA	AA	OCA2	FALSE	28091805	rs35795965	resolved	
rs4778241	15	28093567	28338713	A	C	A	C	OCA2	FALSE	28093568	rs4778241	resolved	
rs58843292	15	28100785	28345931	G	A,C,T	G	A,C,T	OCA2,HERC2	FALSE	28100786	rs58843292	resolved	multiallelic
rs150763518	15	28106230	28351376	GTGTGTGTGTG	GTGTGTG,GTGTGTGTG,GTGTGTGTGTGTG,GTGTGTGTGTGTGGGGTGTGTGTGTGTG,GTGTGTGTGTGTGTG,GTGTGTGTGTGTGTGTG	GTGTGTGTGTG	GTGTGTG,GTGTGTGTG,GTGTGTGTGTGTG,GTGTGTGTGTGTGGGGTGTGTGTGTGTG,GTGTGTGTGTGTGTG,GTGTGTGTGTGTGTGTG	HERC2,OCA2	FALSE	28106231	rs150763518	resolved	multiallelic
rs11365574	15	28116223	28361369	TTTTTTTTTTTTTTTTT	TTTTTTT,TTTTTTTT,TTTTTTTTT,TTTTTTTTTT,TTTTTTTTTTT,TTTTTTTTTTTT,TTTTTTTTTTTTT,TTTTTTTTTTTTTT,TTTTTTTTTTTTTTT,TTTTTTTTTTTTTTTT,TTTTTTTTTTTTTTTTTT,TTTTTTTTTTTTTTTTTTT,TTTTTTTTTTTTTTTTTTTT,TTTTTTTTTTTTTTTTTTTTTT,TTTTTTTTTTTTTTTTTTTTTTTTT	TTTTTTTTTTTTTTTTT	TTTTTTT,TTTTTTTT,TTTTTTTTT,TTTTTTTTTT,TTTTTTTTTTT,TTTTTTTTTTTT,TTTTTTTTTTTTT,TTTTTTTTTTTTTT,TTTTTTTTTTTTTTT,TTTTTTTTTTTTTTTT,TTTTTTTTTTTTTTTTTT,TTTTTTTTTTTTTTTTTTT,TTTTTTTTTTTTTTTTTTTT,TTTTTTTTTTTTTTTTTTTTTT,TTTTTTTTTTTTTTTTTTTTTTTTT	HERC2	FALSE	28116224	rs11365574	resolved	multiallelic
rs7494942	15	28118913	28364059	A	C,G,T	A	C,G,T	HERC2	FALSE	28118914	rs7494942	resolved	multiallelic
rs12913832	15	28120472	28365618	A	C,G	A	C,G	HERC2	FALSE	28120473	rs12913832	resolved	multiallelic
rs4778249	15	28135372	28380518	T	A,C,G	T	A,C,G	HERC2	FALSE	28135373	rs4778249	resolved	multiallelic
rs117219845	15	28137613	28382759	C	A,T	C	A,T	HERC2	FALSE	28137614	rs117219845	resolved	multiallelic
rs7403279	15	28138419	28383565	T	C	T	C	HERC2	FALSE	28138420	rs7403279	resolved	
rs11636232	15	28141480	28386626	C	T	C	T	HERC2	FALSE	28141481	rs11636232	resolved	
rs28784029	15	28156194	28401340	C	A,G,T	C	A,G,T	HERC2	FALSE	28156195	rs28784029	resolved	multiallelic
rs56743903	15	28173939	28419085	G	A,C	G	A,C	HERC2	FALSE	28173940	rs56743903	resolved	multiallelic
rs111433258	15	28174015	28419161	A	G,T	A	G,T	HERC2	FALSE	28174016	rs111433258	resolved	multiallelic
rs142046335	15	28175206	28420352	GA	-	GA	-	HERC2	FALSE	28175207	rs142046335	resolved	
rs2525919	15	28210654	28455800	A	G,T	A	G,T	HERC2	FALSE	28210655	rs2525919	resolved	multiallelic
rs35629645	15	28225697	28470843	AAAAAAAAAAAAAAAAAAA	AAAAAA,AAAAAAA,AAAAAAAA,AAAAAAAAA,AAAAAAAAAA,AAAAAAAAAAAA,AAAAAAAAAAAAA,AAAAAAAAAAAAAA,AAAAAAAAAAAAAAA,AAAAAAAAAAAAAAAAA,AAAAAAAAAAAAAAAAAA,AAAAAAAAAAAAAAAAAAAA,AAAAAAAAAAAAAAAAAAAAA,AAAAAAAAAAAAAAAAAAAAAA,AAAAAAAAAAAAAAAAAAAAAAA,AAAAAAAAAAAAAAAAAAAAAAAA,AAAAAAAAAAAAAAAAAAAAAAAAA,AAAAAAAAAAAAAAAAAAAAAAAAAA,AAAAAAAAAAAAAAAAAAAAAAAAAAAAAAA,AAAAAAAAAAAAAAAAAAAAAAAAAAAAAAAA,AAAAAAAAAAAAAAAAAAAAAAAAAAAAAAAAA,AAAAAAAAAAAAAAAAAAAAAAAAAAAAAAAAAA,AAAAAAAAAAAAAAAAAAAAAAAAAAAAAAAAAAA,AAAAAAAAAAAAAAAAAAAAAAAAAAAAAAAAAAAA,AAAAAAAAAAAAAAAAAAAAAAAAAAAAAAAAAAAAA,AAAAAAAAAAAAAAAAAAAAAAAAAAAAAAAAAAAAAA,AAAAAAAAAAAAAAAAAAAAAAAAAAAAAAAAAAAAAAA,AAAAAAAAAAAAAAAAAAAAAAAAAAAAAAAAAAAAAAAA,AAAAAAAAAAAAAAAAAAAAAAAAAAAAAAAAAAAAAAAAA	AAAAAAAAAAAAAAAAAAA	AAAAAA,AAAAAAA,AAAAAAAA,AAAAAAAAA,AAAAAAAAAA,AAAAAAAAAAAA,AAAAAAAAAAAAA,AAAAAAAAAAAAAA,AAAAAAAAAAAAAAA,AAAAAAAAAAAAAAAAA,AAAAAAAAAAAAAAAAAA,AAAAAAAAAAAAAAAAAAAA,AAAAAAAAAAAAAAAAAAAAA,AAAAAAAAAAAAAAAAAAAAAA,AAAAAAAAAAAAAAAAAAAAAAA,AAAAAAAAAAAAAAAAAAAAAAAA,AAAAAAAAAAAAAAAAAAAAAAAAA,AAAAAAAAAAAAAAAAAAAAAAAAAA,AAAAAAAAAAAAAAAAAAAAAAAAAAAAAAA,AAAAAAAAAAAAAAAAAAAAAAAAAAAAAAAA,AAAAAAAAAAAAAAAAAAAAAAAAAAAAAAAAA,AAAAAAAAAAAAAAAAAAAAAAAAAAAAAAAAAA,AAAAAAAAAAAAAAAAAAAAAAAAAAAAAAAAAAA,AAAAAAAAAAAAAAAAAAAAAAAAAAAAAAAAAAAA,AAAAAAAAAAAAAAAAAAAAAAAAAAAAAAAAAAAAA,AAAAAAAAAAAAAAAAAAAAAAAAAAAAAAAAAAAAAA,AAAAAAAAAAAAAAAAAAAAAAAAAAAAAAAAAAAAAAA,AAAAAAAAAAAAAAAAAAAAAAAAAAAAAAAAAAAAAAAA,AAAAAAAAAAAAAAAAAAAAAAAAAAAAAAAAAAAAAAAAA	HERC2	FALSE	28225698	rs397854007	resolved_merged	panel rsID rs397854007 merged into rs35629645; multiallelic
rs150231163	15	28239853	28484999	A	C,T	A	C,T	HERC2	FALSE	28239854	rs150231163	resolved	multiallelic
rs147936809	15	28241588	28486734	G	A	G	A	HERC2	FALSE	28241589	rs147936809	resolved	
rs35995546	15	28259970	28505116	AAAAAAAAAAAAAAAAAAAAA	AAAAAAAAA,AAAAAAAAAA,AAAAAAAAAAA,AAAAAAAAAAAA,AAAAAAAAAAAAA,AAAAAAAAAAAAAA,AAAAAAAAAAAAAAA,AAAAAAAAAAAAAAAA,AAAAAAAAAAAAAAAAA,AAAAAAAAAAAAAAAAAA,AAAAAAAAAAAAAAAAAAA,AAAAAAAAAAAAAAAAAAAA,AAAAAAAAAAAAAAAAAAAAAA,AAAAAAAAAAAAAAAAAAAAAAA,AAAAAAAAAAAAAAAAAAAAAAAA,AAAAAAAAAAAAAAAAAAAAAAAAA,AAAAAAAAAAAAAAAAAAAAAAAAAA,AAAAAAAAAAAAAAAAAAAAAAAAAAAAAAA	AAAAAAAAAAAAAAAAAAAAA	AAAAAAAAA,AAAAAAAAAA,AAAAAAAAAAA,AAAAAAAAAAAA,AAAAAAAAAAAAA,AAAAAAAAAAAAAA,AAAAAAAAAAAAAAA,AAAAAAAAAAAAAAAA,AAAAAAAAAAAAAAAAA,AAAAAAAAAAAAAAAAAA,AAAAAAAAAAAAAAAAAAA,AAAAAAAAAAAAAAAAAAAA,AAAAAAAAAAAAAAAAAAAAAA,AAAAAAAAAAAAAAAAAAAAAAA,AAAAAAAAAAAAAAAAAAAAAAAA,AAAAAAAAAAAAAAAAAAAAAAAAA,AAAAAAAAAAAAAAAAAAAAAAAAAA,AAAAAAAAAAAAAAAAAAAAAAAAAAAAAAA	HERC2	FALSE	28259971	rs869190367	resolved_merged	panel rsID rs869190367 merged into rs35995546; multiallelic
rs34823980	15	28264021	28509167	AAAAAAAAAAAAAAAAAA	AAAAAAA,AAAAAAAAAA,AAAAAAAAAAA,AAAAAAAAAAAAAA,AAAAAAAAAAAAAAA,AAAAAAAAAAAAAAAA,AAAAAAAAAAAAAAAAA,AAAAAAAAAAAAAAAAAAA,AAAAAAAAAAAAAAAAAAAA,AAAAAAAAAAAAAAAAAAAAA,AAAAAAAAAAAAAAAAAAAAAA,AAAAAAAAAAAAAAAAAAAAAAA,AAAAAAAAAAAAAAAAAAAAAAAA,AAAAAAAAAAAAAAAAAAAAAAAAAA,AAAAAAAAAAAAAAAAAAAAAAAAAAA,AAAAAAAAAAAAAAAAAAAAAAAAAAAA,AAAAAAAAAAAAAAAAAAAAAAAAAAAAA,AAAAAAAAAAAAAAAAAAAAAAAAAAAAAAAA,AAAAAAAAAAAAAAAAAAAAAAAAAAAAAAAAA,AAAAAAAAAAAAAAAAAAAAAAAAAAAAAAAAAA,AAAAAAAAAAAAAAAAAAAAAAAAAAAAAAAAAAAA	AAAAAAAAAAAAAAAAAA	AAAAAAA,AAAAAAAAAA,AAAAAAAAAAA,AAAAAAAAAAAAAA,AAAAAAAAAAAAAAA,AAAAAAAAAAAAAAAA,AAAAAAAAAAAAAAAAA,AAAAAAAAAAAAAAAAAAA,AAAAAAAAAAAAAAAAAAAA,AAAAAAAAAAAAAAAAAAAAA,AAAAAAAAAAAAAAAAAAAAAA,AAAAAAAAAAAAAAAAAAAAAAA,AAAAAAAAAAAAAAAAAAAAAAAA,AAAAAAAAAAAAAAAAAAAAAAAAAA,AAAAAAAAAAAAAAAAAAAAAAAAAAA,AAAAAAAAAAAAAAAAAAAAAAAAAAAA,AAAAAAAAAAAAAAAAAAAAAAAAAAAAA,AAAAAAAAAAAAAAAAAAAAAAAAAAAAAAAA,AAAAAAAAAAAAAAAAAAAAAAAAAAAAAAAAA,AAAAAAAAAAAAAAAAAAAAAAAAAAAAAAAAAA,AAAAAAAAAAAAAAAAAAAAAAAAAAAAAAAAAAAA	HERC2	FALSE	28264022	rs34823980	resolved	multiallelic
rs117201485	15	28268158	28513304	G	A	G	A	HERC2	FALSE	28268159	rs117201485	resolved	
rs1667392	15	28288419	28533565	G	A,C,T	G	A,C,T	HERC2	FALSE	28288420	rs1667392	resolved	multiallelic
rs111458470	15	28289408	28534554	-	CAG,G	-	CAG,G	HERC2	FALSE	28289409	rs111458470	resolved	multiallelic
rs117325217	15	28289631	28534777	C	T	C	T	HERC2	FALSE	28289632	rs117325217	resolved	
rs373425948	15	28298006	28543152	TGTGTGTGTGTGTGTGTGTGTGTGTGTGTGTGTG	TGTGTGTGTGTGTGTGTG,TGTGTGTGTGTGTGTGTGTG,TGTGTGTGTGTGTGTGTGTGTG,TGTGTGTGTGTGTGTGTGTGTGTG,TGTGTGTGTGTGTGTGTGTGTGTGTG,TGTGTGTGTGTGTGTGTGTGTGTGTGTG,TGTGTGTGTGTGTGTGTGTGTGTGTGTGTG,TGTGTGTGTGTGTGTGTGTGTGTGTGTGTGTG,TGTGTGTGTGTGTGTGTGTGTGTGTGTGTGTGTGTG,TGTGTGTGTGTGTGTGTGTGTGTGTGTGTGTGTGTGTG,TGTGTGTGTGTGTGTGTGTGTGTGTGTGTGTGTGTGTGTG,TGTGTGTGTGTGTGTGTGTGTGTGTGTGTGTGTGTGTGTGTG,TGTGTGTGTGTGTGTGTGTGTGTGTGTGTGTGTGTGTGTGTGTG,TGTGTGTGTGTGTGTGTGTGTGTGTGTGTGTGTGTGTGTGTGTGTG,TGTGTGTGTGTGTGTGTGTGTGTGTGTGTGTGTGTGTGTGTGTGTGTG,TGTGTGTGTGTGTGTGTGTGTGTGTGTGTGTGTGTGTGTGTGTGTGTGTG,TGTGTGTGTGTGTGTGTGTGTGTGTGTGTGTGTGTGTGTGTGTGTGTGTGTG	TGTGTGTGTGTGTGTGTGTGTGTGTGTGTGTGTG	TGTGTGTGTGTGTGTGTG,TGTGTGTGTGTGTGTGTGTG,TGTGTGTGTGTGTGTGTGTGTG,TGTGTGTGTGTGTGTGTGTGTGTG,TGTGTGTGTGTGTGTGTGTGTGTGTG,TGTGTGTGTGTGTGTGTGTGTGTGTGTG,TGTGTGTGTGTGTGTGTGTGTGTGTGTGTG,TGTGTGTGTGTGTGTGTGTGTGTGTGTGTGTG,TGTGTGTGTGTGTGTGTGTGTGTGTGTGTGTGTGTG,TGTGTGTGTGTGTGTGTGTGTGTGTGTGTGTGTGTGTG,TGTGTGTGTGTGTGTGTGTGTGTGTGTGTGTGTGTGTGTG,TGTGTGTGTGTGTGTGTGTGTGTGTGTGTGTGTGTGTGTGTG,TGTGTGTGTGTGTGTGTGTGTGTGTGTGTGTGTGTGTGTGTGTG,TGTGTGTGTGTGTGTGTGTGTGTGTGTGTGTGTGTGTGTGTGTGTG,TGTGTGTGTGTGTGTGTGTGTGTGTGTGTGTGTGTGTGTGTGTGTGTG,TGTGTGTGTGTGTGTGTGTGTGTGTGTGTGTGTGTGTGTGTGTGTGTGTG,TGTGTGTGTGTGTGTGTGTGTGTGTGTGTGTGTGTGTGTGTGTGTGTGTGTG	HERC2	FALSE	28298007	rs373425948	resolved	multiallelic
rs11324616	15	28314864	28560010	AAAAAAAAAAAAAAAA	AAAAAAAAAAAAA,AAAAAAAAAAAAAA,AAAAAAAAAAAAAAA,AAAAAAAAAAAAAAAAA,AAAAAAAAAAAAAAAAAA,AAAAAAAAAAAAAAAAAAA,AAAAAAAAAAAAAAAAAAAAAAAAA	AAAAAAAAAAAAAAAA	AAAAAAAAAAAAA,AAAAAAAAAAAAAA,AAAAAAAAAAAAAAA,AAAAAAAAAAAAAAAAA,AAAAAAAAAAAAAAAAAA,AAAAAAAAAAAAAAAAAAA,AAAAAAAAAAAAAAAAAAAAAAAAA	HERC2	FALSE	28314865	rs11324616	resolved	multiallelic
rs11396433	15	28316060	28561206	AAAAAAAAAAAAAA	AAAAAAAAA,AAAAAAAAAA,AAAAAAAAAAA,AAAAAAAAAAAA,AAAAAAAAAAAAA,AAAAAAAAAAAAAAA,AAAAAAAAAAAAAAAA	AAAAAAAAAAAAAA	AAAAAAAAA,AAAAAAAAAA,AAAAAAAAAAA,AAAAAAAAAAAA,AAAAAAAAAAAAA,AAAAAAAAAAAAAAA,AAAAAAAAAAAAAAAA	HERC2	FALSE	28316061	rs11396433	resolved	multiallelic
rs373468882	15	28321239	28566385	C	T	C	T	HERC2	FALSE	28321240	rs373468882	resolved	
rs745333093	15	28328680	28573826	C	A	C	A	HERC2P1,HERC2	FALSE	28328681	rs745333093	resolved	
rs36194177	15	28873638	29118784	G	A,T	G	A,T	APBA2,GOLGA6L7	FALSE	28873639	rs36194177	resolved	multiallelic
rs4424881	15	28969513	29261716	C	A,G,T	C	A,G,T	APBA2	FALSE	28969514	rs4424881	resolved	multiallelic
rs2636060	15	29133733	29425936	G	A,C,T	G	A,C,T	ENTREP2	FALSE	29133734	rs2636060	resolved	multiallelic
rs147237492	15	32687900	32980101	C	T	C	T	ARHGAP11A-SCG5,SCG5	FALSE	32687901	rs147237492	resolved	
rs1912459	15	36052589	36344790	C	G,T	C	G,T	LINC02853	FALSE	36052590	rs1912459	resolved	multiallelic
rs1224653	15	47702908	47995105	T	A,C	T	A,C	SEMA6D	FALSE	47702909	rs1224653	resolved	multiallelic
rs1453858	15	48011913	48304110	T	A,G	T	A,G	LINC01491,SLC24A5	FALSE	48011914	rs1453858	resolved	multiallelic
rs2675345	15	48108002	48400199	A	G,T	A	G,T	SLC24A5,LINC01491	FALSE	48108003	rs2675345	resolved	multiallelic
rs1426654	15	48134287	48426484	A	G,T	A	G,T	SLC24A5	FALSE	48134288	rs1426654	resolved	multiallelic
rs2470102	15	48141297	48433494	A	C,G	A	C,G	MYEF2,SLC24A5	FALSE	48141298	rs2470102	resolved	multiallelic
rs11636073	15	48246829	48539026	A	T	A	T	SLC12A1	TRUE	48246830	rs11636073	resolved	
rs17430375	15	48369245	48661442	T	C	T	C	DUT,FBN1	FALSE	48369246	rs17430375	resolved	
rs16960981	15	48472745	48764942	A	G	A	G	FBN1	FALSE	48472746	rs16960981	resolved	
rs568405296	16	70858347	70892250	T	A	T	A	HYDIN	TRUE	70858348	rs568405296	resolved	
rs139343937	16	80222544	80256441	G	A	G	A	DYNLRB2-AS1	FALSE	80222545	rs139343937	resolved	
rs28431356	16	89400032	89466440	C	A,G,T	C	A,G,T	ANKRD11	FALSE	89400033	rs28431356	resolved	multiallelic
rs55637757	16	89469480	89535888	C	T	C	T	ANKRD11	FALSE	89469481	rs55637757	resolved	
rs4248913	16	89626691	89693099	C	A,G,T	C	A,G,T	DPEP1	FALSE	89626692	rs4248913	resolved	multiallelic
rs55950592	16	89632352	89698760	C	T	C	T	DPEP1	FALSE	89632353	rs55950592	resolved	
rs12921177	16	89641629	89708037	G	A,C	G	A,C	CHMP1A	FALSE	89641630	rs12921177	resolved	multiallelic
rs117990130	16	89720932	89787340	C	A,T	C	A,T	VPS9D1,ZNF276	FALSE	89720933	rs117990130	resolved	multiallelic
rs11649196	16	89735544	89801952	G	A,T	G	A,T	FANCA,ZNF276	FALSE	89735545	rs11649196	resolved	multiallelic
rs35096708	16	89820841	89887249	G	A,C	G	A,C	SPIRE2	FALSE	89820842	rs35096708	resolved	multiallelic
rs7198386	16	89831488	89897896	A	C,G,T	A	C,G,T	SPIRE2	FALSE	89831489	rs7198386	resolved	multiallelic
rs190295257	16	89840471	89906879	G	A,C,T	G	A,C,T	SPIRE2	FALSE	89840472	rs190295257	resolved	multiallelic
rs62052172	16	89883822	89950230	G	C	G	C	TCF25	TRUE	89883823	rs62052172	resolved	
rs1805005	16	89919436	89985844	G	T	G	T	MC1R	FALSE	89919437	rs1805005	resolved	
rs1805006	16	89919510	89985918	C	A,G	C	A,G	MC1R	FALSE	89919511	rs1805006	resolved	multiallelic
rs11547464	16	89919683	89986091	G	A	G	A	MC1R	FALSE	89919684	rs11547464	resolved	
rs1805007	16	89919709	89986117	C	A,G,T	C	A,G,T	MC1R	FALSE	89919710	rs1805007	resolved	multiallelic
rs1805008	16	89919736	89986144	C	T	C	T	MC1R	FALSE	89919737	rs1805008	resolved	
rs885479	16	89919746	89986154	G	A,C	G	A,C	MC1R	FALSE	89919747	rs885479	resolved	multiallelic
rs1805009	16	89920138	89986546	G	A,C	G	A,C	MC1R	FALSE	89920139	rs1805009	resolved	multiallelic
rs150909008	16	89938285	90004693	G	A	G	A	TUBB3	FALSE	89938286	rs150909008	resolved	
rs8049897	16	89957794	90024202	G	A	G	A	DEF8	FALSE	89957795	rs8049897	resolved	
rs117204628	16	89966047	90032455	C	T	C	T	DEF8	FALSE	89966048	rs117204628	resolved	
rs376610691	18	61224836	58892069	G	A,C	G	A,C	HMGN1P31,CDH20	FALSE	61224837	rs376610691	resolved	multiallelic
rs8084144	18	75375515	73087470	G	A,C,T	G	A,C,T	TSHZ1,SMIM21	FALSE	75375516	rs8084144	resolved	multiallelic
rs2240751	19	3548233	3548231	A	G	A	G	MFSD12,MFSD12-AS1	FALSE	3548234	rs2240751	resolved	
rs10416746	19	3563984	3563982	G	A,C	G	A,C	MFSD12	FALSE	3563985	rs10416746	resolved	multiallelic
rs112332856	19	3565601	3565599	T	C	T	C	MFSD12	FALSE	3565602	rs112332856	resolved	
rs6059655	20	34077942	32665748	A	G	A	G	RALY	FALSE	34077943	rs6059655	resolved	
rs62211613	20	34801857	33389660	T	A,C	T	A,C	NCOA6	FALSE	34801858	rs62211613	resolved	multiallelic
rs9609597	22	32567060	32963046	G	A	G	A	SYN3	FALSE	32567061	rs9609597	resolved	
rs28714227	22	47845112	48240861	C	T	C	T	EPIC1	FALSE	47845113	rs28714227	resolved	
rs5771001	22	50456591	50895020	C	A,G,T	C	A,G,T	SBF1	FALSE	50456592	rs5771001	resolved	multiallelic
